adj_amb,cond_group,item,verb_bias,explanation,pronoun,pronoun_type,new_sent,question_answers,Ferstl_verb_eng,Ferstl_sem_cat,Ferstl_eng_verb_length,Ferstl_eng_verb_freq,Ferstl_val,Ferstl_IVC,adj,german_adj_freq,german_adj_length,verb,german_verb_freq,german_verb_length,Susanne_avgRating_Score,story,question,left,right,left_pronoun,right_pronoun,correct
nonamb,1,1,NP1,NP1-Causality,er,nonamb,"Der Schüler regte die Lehrerin auf, weil er am frühen Morgen unüberhörbar war und Störungen verursachte.",Wann war er unüberhörbar? (am frühen Morgen / in der Nacht),agitated,StimExp,8,25,-1.36,85,unüberhörbar,0.94,12,regte,0.11,8,68.75,"Der_Schüler regte die_Lehrerin_auf,
weil_er am_frühen_Morgen unüberhörbar_war und Störungen verursachte.",Wann war er unüberhörbar?,am frühen Morgen,in der Nacht,er,er,F
nonamb,2,1,NP1,NP1-Causality,er,nonamb,"Der Schüler regte den Lehrer auf, weil er am frühen Morgen unüberhörbar war und Störungen verursachte.",Wann war er unüberhörbar? (am frühen Morgen / in der Nacht),agitated,StimExp,8,25,-1.36,85,unüberhörbar,0.94,12,regte,0.11,8,68.75,"Der_Schüler regte den_Lehrer_auf,
weil_er am_frühen_Morgen unüberhörbar_war und Störungen verursachte.",Wann war er unüberhörbar?,am frühen Morgen,in der Nacht,er,er,F
nonamb,3,1,NP1,NP1-Causality,sie,nonamb,"Die Schülerin regte die Lehrerin auf, weil sie am frühen Morgen unüberhörbar war und Störungen verursachte.",Wann war sie unüberhörbar? (am frühen Morgen / in der Nacht),agitated,StimExp,8,25,-1.36,85,unüberhörbar,0.94,12,regte,0.11,8,68.75,"Die_Schülerin regte die_Lehrerin_auf,
weil_sie am_frühen_Morgen unüberhörbar_war und Störungen verursachte.",Wann war sie unüberhörbar?,am frühen Morgen,in der Nacht,er,er,F
nonamb,4,1,NP1,NP1-Causality,sie,nonamb,"Die Schülerin regte den Lehrer auf, weil sie am frühen Morgen unüberhörbar war und Störungen verursachte.",Wann war sie unüberhörbar? (am frühen Morgen / in der Nacht),agitated,StimExp,8,25,-1.36,85,unüberhörbar,0.94,12,regte,0.11,8,68.75,"Die_Schülerin regte den_Lehrer_auf,
weil_sie am_frühen_Morgen unüberhörbar_war und Störungen verursachte.",Wann war sie unüberhörbar?,am frühen Morgen,in der Nacht,er,er,F
nonamb,5,1,NP1,NP2-Causality,sie,nonamb,"Der Schüler regte die Lehrerin auf, weil sie am frühen Morgen müde war und die Geduld fehlte.",Wann war sie müde? (am frühen Morgen / in der Nacht),agitated,StimExp,8,25,-1.36,85,gereizt,3.14,7,regte,0.11,8,68.75,"Der_Schüler regte die_Lehrerin_auf,
weil_sie am_frühen_Morgen müde_war und die_Geduld fehlte.",Wann war sie müde?,am frühen Morgen,in der Nacht,er,er,F
nonamb,6,1,NP1,NP2-Causality,er,nonamb,"Der Schüler regte den Lehrer auf, weil er am frühen Morgen müde war und die Geduld fehlte.",Wann war er müde? (am frühen Morgen / in der Nacht),agitated,StimExp,8,25,-1.36,85,gereizt,3.14,7,regte,0.11,8,68.75,"Der_Schüler regte den_Lehrer_auf,
weil_er am_frühen_Morgen müde_war und die_Geduld fehlte.",Wann war er müde?,am frühen Morgen,in der Nacht,er,er,F
nonamb,7,1,NP1,NP2-Causality,sie,nonamb,"Die Schülerin regte die Lehrerin auf, weil sie am frühen Morgen müde war und die Geduld fehlte.",Wann war sie müde? (am frühen Morgen / in der Nacht),agitated,StimExp,8,25,-1.36,85,gereizt,3.14,7,regte,0.11,8,68.75,"Die_Schülerin regte die_Lehrerin_auf,
weil_sie am_frühen_Morgen müde_war und die_Geduld fehlte.",Wann war sie müde?,am frühen Morgen,in der Nacht,er,er,F
nonamb,8,1,NP1,NP2-Causality,er,nonamb,"Die Schülerin regte den Lehrer auf, weil er am frühen Morgen müde war und die Geduld fehlte.",Wann war er müde? (am frühen Morgen / in der Nacht),agitated,StimExp,8,25,-1.36,85,gereizt,3.14,7,regte,0.11,8,68.75,"Die_Schülerin regte den_Lehrer_auf,
weil_er am_frühen_Morgen müde_war und die_Geduld fehlte.",Wann war er müde?,am frühen Morgen,in der Nacht,er,er,F
nonamb,1,2,NP1,NP1-Causality,er,nonamb,"Der Bär störte die Löwin, weil er am späten Nachmittag aggressiv war und Knurren von sich gab.",Wer störte die Löwin? (Der Bär / Der Verwandte),annoyed,StimExp,7,268,-2.0,79,aggressiv,19.09,9,störte,2.33,6,87.5,"Der_Bär störte die_Löwin,
weil_er am_späten_Nachmittag aggressiv_war und Knurren von_sich_gab.",Wer störte die Löwin?,Der Bär,Der Verwandte,er,er,F
nonamb,2,2,NP1,NP1-Causality,er,nonamb,"Der Bär störte der Löwe, weil er am späten Nachmittag aggressiv war und Knurren von sich gab.",Wer störte der Löwe? (Der Bär / Der Musiker),annoyed,StimExp,7,268,-2.0,79,aggressiv,19.09,9,störte,2.33,6,87.5,"Der_Bär störte der_Löwe,
weil_er am_späten_Nachmittag aggressiv_war und Knurren von_sich_gab.",Wer störte der Löwe?,Der Bär,Der Musiker,er,er,F
nonamb,3,2,NP1,NP1-Causality,sie,nonamb,"Die Bärin störte die Löwin, weil sie am späten Nachmittag aggressiv war und Knurren von sich gab.",Wer störte die Löwin? (Die Bärin / Die Richterin),annoyed,StimExp,7,268,-2.0,79,aggressiv,19.09,9,störte,2.33,6,87.5,"Die_Bärin störte die_Löwin,
weil_sie am_späten_Nachmittag aggressiv_war und Knurren von_sich_gab.",Wer störte die Löwin?,Die Bärin,Die Richterin,sie,sie,F
nonamb,4,2,NP1,NP1-Causality,sie,nonamb,"Die Bärin störte der Löwe, weil sie am späten Nachmittag aggressiv war und Knurren von sich gab.",Wer störte der Löwe? (Die Bärin / Die Kellnerin),annoyed,StimExp,7,268,-2.0,79,aggressiv,19.09,9,störte,2.33,6,87.5,"Die_Bärin störte der_Löwe,
weil_sie am_späten_Nachmittag aggressiv_war und Knurren von_sich_gab.",Wer störte der Löwe?,Die Bärin,Die Kellnerin,sie,sie,F
nonamb,5,2,NP1,NP2-Causality,sie,nonamb,"Der Bär störte die Löwin, weil sie am späten Nachmittag erschöpft war und Zittern musste.",Wer störte die Löwin? (Der Bär / Der Landwirt),annoyed,StimExp,7,268,-2.0,79,erschöpft,10.12,9,störte,2.33,6,87.5,"Der_Bär störte die_Löwin,
weil_sie am_späten_Nachmittag erschöpft_war und Zittern musste.",Wer störte die Löwin?,Der Bär,Der Landwirt,er,er,F
nonamb,6,2,NP1,NP2-Causality,er,nonamb,"Der Bär störte der Löwe, weil er am späten Nachmittag erschöpft war und Zittern musste.",Wer störte der Löwe? (Der Bär / Der Dieb),annoyed,StimExp,7,268,-2.0,79,erschöpft,10.12,9,störte,2.33,6,87.5,"Der_Bär störte der_Löwe,
weil_er am_späten_Nachmittag erschöpft_war und Zittern musste.",Wer störte der Löwe?,Der Bär,Der Dieb,er,er,F
nonamb,7,2,NP1,NP2-Causality,sie,nonamb,"Die Bärin störte die Löwin, weil sie am späten Nachmittag erschöpft war und Zittern musste.",Wer störte die Löwin? (Die Bärin / Die Verkäuferin),annoyed,StimExp,7,268,-2.0,79,erschöpft,10.12,9,störte,2.33,6,87.5,"Die_Bärin störte die_Löwin,
weil_sie am_späten_Nachmittag erschöpft_war und Zittern musste.",Wer störte die Löwin?,Die Bärin,Die Verkäuferin,sie,sie,F
nonamb,8,2,NP1,NP2-Causality,er,nonamb,"Die Bärin störte der Löwe, weil er am späten Nachmittag erschöpft war und Zittern musste.",Wer störte der Löwe? (Die Bärin / Die Taxifahrerin),annoyed,StimExp,7,268,-2.0,79,erschöpft,10.12,9,störte,2.33,6,87.5,"Die_Bärin störte der_Löwe,
weil_er am_späten_Nachmittag erschöpft_war und Zittern musste.",Wer störte der Löwe?,Die Bärin,Die Taxifahrerin,sie,sie,F
nonamb,1,3,NP1,NP1-Causality,er,nonamb,"Der Schäferhund ärgerte die Besitzerin, weil er um die Mittagszeit aggressiv war und Kratzer hinterließ.",Wen ärgerte der Schäferhund? (die Besitzerin / die Diebin),angered,StimExp,7,11,-2.46,85,unüberhörbar,0.94,12,ärgerte,1.41,7,56.25,"Der_Schäferhund ärgerte die_Besitzerin,
weil_er um_die_Mittagszeit aggressiv_war und Kratzer hinterließ.",Wen ärgerte der Schäferhund?,die Besitzerin,die Diebin,sie,sie,F
nonamb,2,3,NP1,NP1-Causality,er,nonamb,"Der Schäferhund ärgerte der Besitzer, weil er um die Mittagszeit aggressiv war und Kratzer hinterließ.",Wem ärgerte der Schäferhund? (der Besitzer / den Patient),angered,StimExp,7,11,-2.46,85,unüberhörbar,0.94,12,ärgerte,1.41,7,56.25,"Der_Schäferhund ärgerte der_Besitzer,
weil_er um_die_Mittagszeit aggressiv_war und Kratzer hinterließ.",Wem ärgerte der Schäferhund?,der Besitzer,den Patient,er,er,F
nonamb,3,3,NP1,NP1-Causality,sie,nonamb,"Die Schäferhündin ärgerte die Besitzerin, weil sie um die Mittagszeit aggressiv war und Kratzer hinterließ.",Wen ärgerte die Schäferhündin? (die Besitzerin / die Professorin),angered,StimExp,7,11,-2.46,85,unüberhörbar,0.94,12,ärgerte,1.41,7,56.25,"Die_Schäferhündin ärgerte die_Besitzerin,
weil_sie um_die_Mittagszeit aggressiv_war und Kratzer hinterließ.",Wen ärgerte die Schäferhündin?,die Besitzerin,die Professorin,sie,sie,F
nonamb,4,3,NP1,NP1-Causality,sie,nonamb,"Die Schäferhündin ärgerte der Besitzer, weil sie um die Mittagszeit aggressiv war und Kratzer hinterließ.",Wem ärgerte die Schäferhündin? (der Besitzer / dem Onkel),angered,StimExp,7,11,-2.46,85,unüberhörbar,0.94,12,ärgerte,1.41,7,56.25,"Die_Schäferhündin ärgerte der_Besitzer,
weil_sie um_die_Mittagszeit aggressiv_war und Kratzer hinterließ.",Wem ärgerte die Schäferhündin?,der Besitzer,dem Onkel,er,er,F
nonamb,5,3,NP1,NP2-Causality,sie,nonamb,"Der Schäferhund ärgerte die Besitzerin, weil sie um die Mittagszeit überdrüssig war und Müdigkeit empfand.",Wen ärgerte der Schäferhund? (die Besitzerin / die Touristin),angered,StimExp,7,11,-2.46,85,überdrüssig,0.92,11,ärgerte,1.41,7,56.25,"Der_Schäferhund ärgerte die_Besitzerin,
weil_sie um_die_Mittagszeit überdrüssig_war und Müdigkeit empfand.",Wen ärgerte der Schäferhund?,die Besitzerin,die Touristin,sie,sie,F
nonamb,6,3,NP1,NP2-Causality,er,nonamb,"Der Schäferhund ärgerte der Besitzer, weil er um die Mittagszeit überdrüssig war und Müdigkeit empfand.",Wem ärgerte der Schäferhund? (der Besitzer / den Puppenspieler),angered,StimExp,7,11,-2.46,85,überdrüssig,0.92,11,ärgerte,1.41,7,56.25,"Der_Schäferhund ärgerte der_Besitzer,
weil_er um_die_Mittagszeit überdrüssig_war und Müdigkeit empfand.",Wem ärgerte der Schäferhund?,der Besitzer,den Puppenspieler,er,er,F
nonamb,7,3,NP1,NP2-Causality,sie,nonamb,"Die Schäferhündin ärgerte die Besitzerin, weil sie um die Mittagszeit überdrüssig war und Müdigkeit empfand.",Wen ärgerte die Schäferhündin? (die Besitzerin / der Frau etwas),angered,StimExp,7,11,-2.46,85,überdrüssig,0.92,11,ärgerte,1.41,7,56.25,"Die_Schäferhündin ärgerte die_Besitzerin,
weil_sie um_die_Mittagszeit überdrüssig_war und Müdigkeit empfand.",Wen ärgerte die Schäferhündin?,die Besitzerin,der Frau etwas,sie,er,F
nonamb,8,3,NP1,NP2-Causality,er,nonamb,"Die Schäferhündin ärgerte der Besitzer, weil er um die Mittagszeit überdrüssig war und Müdigkeit empfand.",Wem ärgerte die Schäferhündin? (der Besitzer / dem Priester),angered,StimExp,7,11,-2.46,85,überdrüssig,0.92,11,ärgerte,1.41,7,56.25,"Die_Schäferhündin ärgerte der_Besitzer,
weil_er um_die_Mittagszeit überdrüssig_war und Müdigkeit empfand.",Wem ärgerte die Schäferhündin?,der Besitzer,dem Priester,er,er,F
nonamb,1,4,NP1,NP1-Causality,er,nonamb,"Der Schaffner verärgerte die Reisende, weil er am frühen Abend aufdringlich war und Hartnäckigkeit zeigte.",Was zeigte er? (Hartnäckigkeit / Ahnungslosigkeit),antagonized,StimExp,11,1,-1.36,80,aufdringlich,3.73,12,verärgerte,0.37,10,56.25,"Der_Schaffner verärgerte die_Reisende,
weil_er am_frühen_Abend aufdringlich_war und Hartnäckigkeit zeigte.",Was zeigte er?,Hartnäckigkeit,Ahnungslosigkeit,er,er,F
nonamb,2,4,NP1,NP1-Causality,er,nonamb,"Der Schaffner verärgerte den Reisende, weil er am frühen Abend aufdringlich war und Hartnäckigkeit zeigte.",Was zeigte er? (Hartnäckigkeit / Ahnungslosigkeit),antagonized,StimExp,11,1,-1.36,80,aufdringlich,3.73,12,verärgerte,0.37,10,56.25,"Der_Schaffner verärgerte den_Reisende,
weil_er am_frühen_Abend aufdringlich_war und Hartnäckigkeit zeigte.",Was zeigte er?,Hartnäckigkeit,Ahnungslosigkeit,er,er,F
nonamb,3,4,NP1,NP1-Causality,sie,nonamb,"Die Schaffnerin verärgerte die Reisende, weil sie am frühen Abend aufdringlich war und Hartnäckigkeit zeigte.",Was zeigte sie? (Hartnäckigkeit / Ahnungslosigkeit),antagonized,StimExp,11,1,-1.36,80,aufdringlich,3.73,12,verärgerte,0.37,10,56.25,"Die_Schaffnerin verärgerte die_Reisende,
weil_sie am_frühen_Abend aufdringlich_war und Hartnäckigkeit zeigte.",Was zeigte sie?,Hartnäckigkeit,Ahnungslosigkeit,er,er,F
nonamb,4,4,NP1,NP1-Causality,sie,nonamb,"Die Schaffnerin verärgerte den Reisende, weil sie am frühen Abend aufdringlich war und Hartnäckigkeit zeigte.",Was zeigte sie? (Hartnäckigkeit / Ahnungslosigkeit),antagonized,StimExp,11,1,-1.36,80,aufdringlich,3.73,12,verärgerte,0.37,10,56.25,"Die_Schaffnerin verärgerte den_Reisende,
weil_sie am_frühen_Abend aufdringlich_war und Hartnäckigkeit zeigte.",Was zeigte sie?,Hartnäckigkeit,Ahnungslosigkeit,er,er,F
nonamb,5,4,NP1,NP2-Causality,sie,nonamb,"Der Schaffner verärgerte die Reisende, weil sie am frühen Abend sensibel war und einen Angriff wahrnahm.",Was nahm sie wahr? (einen Angriff / Ahnungslosigkeit),antagonized,StimExp,11,1,-1.36,80,sensibel,13.76,8,verärgerte,0.37,10,56.25,"Der_Schaffner verärgerte die_Reisende,
weil_sie am_frühen_Abend sensibel_war und einen_Angriff wahrnahm.",Was nahm sie wahr?,einen Angriff,Ahnungslosigkeit,er,er,F
nonamb,6,4,NP1,NP2-Causality,er,nonamb,"Der Schaffner verärgerte den Reisende, weil er am frühen Abend sensibel war und einen Angriff wahrnahm.",Was nahm er wahr? (einen Angriff / Ahnungslosigkeit),antagonized,StimExp,11,1,-1.36,80,sensibel,13.76,8,verärgerte,0.37,10,56.25,"Der_Schaffner verärgerte den_Reisende,
weil_er am_frühen_Abend sensibel_war und einen_Angriff wahrnahm.",Was nahm er wahr?,einen Angriff,Ahnungslosigkeit,er,er,F
nonamb,7,4,NP1,NP2-Causality,sie,nonamb,"Die Schaffnerin verärgerte die Reisende, weil sie am frühen Abend sensibel war und einen Angriff wahrnahm.",Was nahm sie wahr? (einen Angriff / Ahnungslosigkeit),antagonized,StimExp,11,1,-1.36,80,sensibel,13.76,8,verärgerte,0.37,10,56.25,"Die_Schaffnerin verärgerte die_Reisende,
weil_sie am_frühen_Abend sensibel_war und einen_Angriff wahrnahm.",Was nahm sie wahr?,einen Angriff,Ahnungslosigkeit,er,er,F
nonamb,8,4,NP1,NP2-Causality,er,nonamb,"Die Schaffnerin verärgerte den Reisende, weil er am frühen Abend sensibel war und einen Angriff wahrnahm.",Was nahm er wahr? (einen Angriff / Ahnungslosigkeit),antagonized,StimExp,11,1,-1.36,80,sensibel,13.76,8,verärgerte,0.37,10,56.25,"Die_Schaffnerin verärgerte den_Reisende,
weil_er am_frühen_Abend sensibel_war und einen_Angriff wahrnahm.",Was nahm er wahr?,einen Angriff,Ahnungslosigkeit,er,er,F
nonamb,1,5,NP2,NP1-Causality,er,nonamb,"Der Liebhaber bewunderte die Komponistin, weil er von Anfang an verzaubert war und die Musik genoss.",Was genoss er? (die Musik / Schwindel),admired,ExpStim,7,74,2.0,-92,überzeugt,41.42,9,bewunderte,1.17,10,50.0,"Der_Liebhaber bewunderte die_Komponistin,
weil_er von_Anfang_an verzaubert_war und die_Musik genoss.",Was genoss er?,die Musik,Schwindel,sie,er,F
nonamb,2,5,NP2,NP1-Causality,er,nonamb,"Der Liebhaber bewunderte den Komponist, weil er von Anfang an verzaubert war und die Musik genoss.",Was genoss er? (die Musik / Schwindel),admired,ExpStim,7,74,2.0,-92,überzeugt,41.42,9,bewunderte,1.17,10,50.0,"Der_Liebhaber bewunderte den_Komponist,
weil_er von_Anfang_an verzaubert_war und die_Musik genoss.",Was genoss er?,die Musik,Schwindel,sie,er,F
nonamb,3,5,NP2,NP1-Causality,sie,nonamb,"Die Liebhaberin bewunderte die Komponistin, weil sie von Anfang an verzaubert war und die Musik genoss.",Was genoss sie? (die Musik / Schwindel),admired,ExpStim,7,74,2.0,-92,überzeugt,41.42,9,bewunderte,1.17,10,50.0,"Die_Liebhaberin bewunderte die_Komponistin,
weil_sie von_Anfang_an verzaubert_war und die_Musik genoss.",Was genoss sie?,die Musik,Schwindel,sie,er,F
nonamb,4,5,NP2,NP1-Causality,sie,nonamb,"Die Liebhaberin bewunderte den Komponist, weil sie von Anfang an verzaubert war und die Musik genoss.",Was genoss sie? (die Musik / Schwindel),admired,ExpStim,7,74,2.0,-92,überzeugt,41.42,9,bewunderte,1.17,10,50.0,"Die_Liebhaberin bewunderte den_Komponist,
weil_sie von_Anfang_an verzaubert_war und die_Musik genoss.",Was genoss sie?,die Musik,Schwindel,sie,er,F
nonamb,5,5,NP2,NP2-Causality,sie,nonamb,"Der Liebhaber bewunderte die Komponistin, weil sie von Anfang an talentiert war und Meisterwerke verfasste.",Was verfasste sie? (Meisterwerke / Schwindel),admired,ExpStim,7,74,2.0,-92,talentiert,2.73,10,bewunderte,1.17,10,50.0,"Der_Liebhaber bewunderte die_Komponistin,
weil_sie von_Anfang_an talentiert_war und Meisterwerke verfasste.",Was verfasste sie?,Meisterwerke,Schwindel,er,er,F
nonamb,6,5,NP2,NP2-Causality,er,nonamb,"Der Liebhaber bewunderte den Komponist, weil er von Anfang an talentiert war und Meisterwerke verfasste.",Was verfasste er? (Meisterwerke / Schwindel),admired,ExpStim,7,74,2.0,-92,talentiert,2.73,10,bewunderte,1.17,10,50.0,"Der_Liebhaber bewunderte den_Komponist,
weil_er von_Anfang_an talentiert_war und Meisterwerke verfasste.",Was verfasste er?,Meisterwerke,Schwindel,er,er,F
nonamb,7,5,NP2,NP2-Causality,sie,nonamb,"Die Liebhaberin bewunderte die Komponistin, weil sie von Anfang an talentiert war und Meisterwerke verfasste.",Was verfasste sie? (Meisterwerke / Schwindel),admired,ExpStim,7,74,2.0,-92,talentiert,2.73,10,bewunderte,1.17,10,50.0,"Die_Liebhaberin bewunderte die_Komponistin,
weil_sie von_Anfang_an talentiert_war und Meisterwerke verfasste.",Was verfasste sie?,Meisterwerke,Schwindel,er,er,F
nonamb,8,5,NP2,NP2-Causality,er,nonamb,"Die Liebhaberin bewunderte den Komponist, weil er von Anfang an talentiert war und Meisterwerke verfasste.",Was verfasste er? (Meisterwerke / Schwindel),admired,ExpStim,7,74,2.0,-92,talentiert,2.73,10,bewunderte,1.17,10,50.0,"Die_Liebhaberin bewunderte den_Komponist,
weil_er von_Anfang_an talentiert_war und Meisterwerke verfasste.",Was verfasste er?,Meisterwerke,Schwindel,er,er,F
nonamb,1,6,NP2,NP1-Causality,er,nonamb,"Der Zuschauer beklatschte die Puppenspielerin, weil er während der Vorstellung begeistert war und die Bewegungen verfolgte.",Was tat der Zuschauer? (beklatschte die Puppenspielerin / beklatschte den Puppenspieler),applauded,AgEvo,9,12,1.82,-84,begeistert,34.48,10,beklatschte,0.03,11,37.5,"Der_Zuschauer beklatschte die_Puppenspielerin,
weil_er während_der_Vorstellung begeistert_war und die_Bewegungen verfolgte.",Was tat der Zuschauer?,beklatschte die Puppenspielerin,beklatschte den Puppenspieler,sie,er,F
nonamb,2,6,NP2,NP1-Causality,er,nonamb,"Der Zuschauer beklatschte den Puppenspieler, weil er während der Vorstellung begeistert war und die Bewegungen verfolgte.",Was tat der Zuschauer? (beklatschte den Puppenspieler / beklatschte die Puppenspielerin),applauded,AgEvo,9,12,1.82,-84,begeistert,34.48,10,beklatschte,0.03,11,37.5,"Der_Zuschauer beklatschte den_Puppenspieler,
weil_er während_der_Vorstellung begeistert_war und die_Bewegungen verfolgte.",Was tat der Zuschauer?,beklatschte den Puppenspieler,beklatschte die Puppenspielerin,er,sie,F
nonamb,3,6,NP2,NP1-Causality,sie,nonamb,"Die Zuschauerin beklatschte die Puppenspielerin, weil sie während der Vorstellung begeistert war und die Bewegungen verfolgte.",Was tat die Zuschauerin? (beklatschte die Puppenspielerin / beklatschte den Puppenspieler),applauded,AgEvo,9,12,1.82,-84,begeistert,34.48,10,beklatschte,0.03,11,37.5,"Die_Zuschauerin beklatschte die_Puppenspielerin,
weil_sie während_der_Vorstellung begeistert_war und die_Bewegungen verfolgte.",Was tat die Zuschauerin?,beklatschte die Puppenspielerin,beklatschte den Puppenspieler,sie,er,F
nonamb,4,6,NP2,NP1-Causality,sie,nonamb,"Die Zuschauerin beklatschte den Puppenspieler, weil sie während der Vorstellung begeistert war und die Bewegungen verfolgte.",Was tat die Zuschauerin? (beklatschte den Puppenspieler / beklatschte die Puppenspielerin),applauded,AgEvo,9,12,1.82,-84,begeistert,34.48,10,beklatschte,0.03,11,37.5,"Die_Zuschauerin beklatschte den_Puppenspieler,
weil_sie während_der_Vorstellung begeistert_war und die_Bewegungen verfolgte.",Was tat die Zuschauerin?,beklatschte den Puppenspieler,beklatschte die Puppenspielerin,er,sie,F
nonamb,5,6,NP2,NP2-Causality,sie,nonamb,"Der Zuschauer beklatschte die Puppenspielerin, weil sie während der Vorstellung großartig war und Kunststücke vollbrachte.",Was tat der Zuschauer? (beklatschte die Puppenspielerin / beklatschte den Puppenspieler),applauded,AgEvo,9,12,1.82,-84,großartig,19.01,10,beklatschte,0.03,11,37.5,"Der_Zuschauer beklatschte die_Puppenspielerin,
weil_sie während_der_Vorstellung großartig_war und Kunststücke vollbrachte.",Was tat der Zuschauer?,beklatschte die Puppenspielerin,beklatschte den Puppenspieler,sie,er,F
nonamb,6,6,NP2,NP2-Causality,er,nonamb,"Der Zuschauer beklatschte den Puppenspieler, weil er während der Vorstellung großartig war und Kunststücke vollbrachte.",Was tat der Zuschauer? (beklatschte den Puppenspieler / beklatschte die Puppenspielerin),applauded,AgEvo,9,12,1.82,-84,großartig,19.01,10,beklatschte,0.03,11,37.5,"Der_Zuschauer beklatschte den_Puppenspieler,
weil_er während_der_Vorstellung großartig_war und Kunststücke vollbrachte.",Was tat der Zuschauer?,beklatschte den Puppenspieler,beklatschte die Puppenspielerin,er,sie,F
nonamb,7,6,NP2,NP2-Causality,sie,nonamb,"Die Zuschauerin beklatschte die Puppenspielerin, weil sie während der Vorstellung großartig war und Kunststücke vollbrachte.",Was tat die Zuschauerin? (beklatschte die Puppenspielerin / beklatschte den Puppenspieler),applauded,AgEvo,9,12,1.82,-84,großartig,19.01,10,beklatschte,0.03,11,37.5,"Die_Zuschauerin beklatschte die_Puppenspielerin,
weil_sie während_der_Vorstellung großartig_war und Kunststücke vollbrachte.",Was tat die Zuschauerin?,beklatschte die Puppenspielerin,beklatschte den Puppenspieler,sie,er,F
nonamb,8,6,NP2,NP2-Causality,er,nonamb,"Die Zuschauerin beklatschte den Puppenspieler, weil er während der Vorstellung großartig war und Kunststücke vollbrachte.",Was tat die Zuschauerin? (beklatschte den Puppenspieler / beklatschte die Puppenspielerin),applauded,AgEvo,9,12,1.82,-84,großartig,19.01,10,beklatschte,0.03,11,37.5,"Die_Zuschauerin beklatschte den_Puppenspieler,
weil_er während_der_Vorstellung großartig_war und Kunststücke vollbrachte.",Was tat die Zuschauerin?,beklatschte den Puppenspieler,beklatschte die Puppenspielerin,er,sie,F
nonamb,1,7,NP2,NP1-Causality,er,nonamb,"Der Schamane verehrte die Göttin, weil er von Anfang an empfänglich war und einen Zugang spührte.",Wen verehrte der Schamane? (die Göttin / die Partnerin),adored,ExpStim,6,18,2.54,-74,schwach,51.17,7,verehrte,2.75,8,93.75,"Der_Schamane verehrte die_Göttin,
weil_er von_Anfang_an empfänglich_war und einen_Zugang spührte.",Wen verehrte der Schamane?,die Göttin,die Partnerin,sie,sie,F
nonamb,2,7,NP2,NP1-Causality,er,nonamb,"Der Schamane verehrte den Gott, weil er von Anfang an empfänglich war und einen Zugang spührte.",Wen verehrte der Schamane? (den Gott / den Liebsten),adored,ExpStim,6,18,2.54,-74,schwach,51.17,7,verehrte,2.75,8,93.75,"Der_Schamane verehrte den_Gott,
weil_er von_Anfang_an empfänglich_war und einen_Zugang spührte.",Wen verehrte der Schamane?,den Gott,den Liebsten,er,er,F
nonamb,3,7,NP2,NP1-Causality,sie,nonamb,"Die Schamanin verehrte die Göttin, weil sie von Anfang an empfänglich war und einen Zugang spührte.",Wen verehrte die Schamanin? (die Göttin / mit der Gegnerin),adored,ExpStim,6,18,2.54,-74,schwach,51.17,7,verehrte,2.75,8,93.75,"Die_Schamanin verehrte die_Göttin,
weil_sie von_Anfang_an empfänglich_war und einen_Zugang spührte.",Wen verehrte die Schamanin?,die Göttin,mit der Gegnerin,sie,er,F
nonamb,4,7,NP2,NP1-Causality,sie,nonamb,"Die Schamanin verehrte den Gott, weil sie von Anfang an empfänglich war und einen Zugang spührte.",Wen verehrte die Schamanin? (den Gott / den Kollegen),adored,ExpStim,6,18,2.54,-74,schwach,51.17,7,verehrte,2.75,8,93.75,"Die_Schamanin verehrte den_Gott,
weil_sie von_Anfang_an empfänglich_war und einen_Zugang spührte.",Wen verehrte die Schamanin?,den Gott,den Kollegen,er,er,F
nonamb,5,7,NP2,NP2-Causality,sie,nonamb,"Der Schamane verehrte die Göttin, weil sie von Anfang an mächtig war und Zeichen setzte.",Wen verehrte der Schamane? (die Göttin / die Gefangene),adored,ExpStim,6,18,2.54,-74,mächtig,34.16,7,verehrte,2.75,8,93.75,"Der_Schamane verehrte die_Göttin,
weil_sie von_Anfang_an mächtig_war und Zeichen setzte.",Wen verehrte der Schamane?,die Göttin,die Gefangene,sie,sie,F
nonamb,6,7,NP2,NP2-Causality,er,nonamb,"Der Schamane verehrte den Gott, weil er von Anfang an mächtig war und Zeichen setzte.",Wen verehrte der Schamane? (den Gott / den Herren),adored,ExpStim,6,18,2.54,-74,mächtig,34.16,7,verehrte,2.75,8,93.75,"Der_Schamane verehrte den_Gott,
weil_er von_Anfang_an mächtig_war und Zeichen setzte.",Wen verehrte der Schamane?,den Gott,den Herren,er,er,F
nonamb,7,7,NP2,NP2-Causality,sie,nonamb,"Die Schamanin verehrte die Göttin, weil sie von Anfang an mächtig war und Zeichen setzte.",Wen verehrte die Schamanin? (die Göttin / die Gladiatorin),adored,ExpStim,6,18,2.54,-74,mächtig,34.16,7,verehrte,2.75,8,93.75,"Die_Schamanin verehrte die_Göttin,
weil_sie von_Anfang_an mächtig_war und Zeichen setzte.",Wen verehrte die Schamanin?,die Göttin,die Gladiatorin,sie,sie,F
nonamb,8,7,NP2,NP2-Causality,er,nonamb,"Die Schamanin verehrte den Gott, weil er von Anfang an mächtig war und Zeichen setzte.",Wen verehrte die Schamanin? (den Gott / den Patient),adored,ExpStim,6,18,2.54,-74,mächtig,34.16,7,verehrte,2.75,8,93.75,"Die_Schamanin verehrte den_Gott,
weil_er von_Anfang_an mächtig_war und Zeichen setzte.",Wen verehrte die Schamanin?,den Gott,den Patient,er,er,F
nonamb,1,8,NP2,NP1-Causality,er,nonamb,"Der Krankenpfleger beruhigte die Patientin, weil er in der Nacht fürsorglich war und Sicherheit ausstrahlte.",Wer beruhigte die Patientin? (Der Krankenpfleger / Der Richter),calmed down,AgP,6,0,0.27,-79,besorgt,15.02,7,beruhigte,1.31,9,31.25,"Der_Krankenpfleger beruhigte die_Patientin,
weil_er in_der_Nacht fürsorglich_war und Sicherheit ausstrahlte.",Wer beruhigte die Patientin?,Der Krankenpfleger,Der Richter,er,er,F
nonamb,2,8,NP2,NP1-Causality,er,nonamb,"Der Krankenpfleger beruhigte den Patient, weil er in der Nacht fürsorglich war und Sicherheit ausstrahlte.",Wer beruhigte den Patient? (Der Krankenpfleger / Der Assistent),calmed down,AgP,6,0,0.27,-79,besorgt,15.02,7,beruhigte,1.31,9,31.25,"Der_Krankenpfleger beruhigte den_Patient,
weil_er in_der_Nacht fürsorglich_war und Sicherheit ausstrahlte.",Wer beruhigte den Patient?,Der Krankenpfleger,Der Assistent,er,er,F
nonamb,3,8,NP2,NP1-Causality,sie,nonamb,"Die Krankenpflegerin beruhigte die Patientin, weil sie in der Nacht fürsorglich war und Sicherheit ausstrahlte.",Wer beruhigte die Patientin? (Die Krankenpflegerin / Die Politikerin),calmed down,AgP,6,0,0.27,-79,besorgt,15.02,7,beruhigte,1.31,9,31.25,"Die_Krankenpflegerin beruhigte die_Patientin,
weil_sie in_der_Nacht fürsorglich_war und Sicherheit ausstrahlte.",Wer beruhigte die Patientin?,Die Krankenpflegerin,Die Politikerin,sie,sie,F
nonamb,4,8,NP2,NP1-Causality,sie,nonamb,"Die Krankenpflegerin beruhigte den Patient, weil sie in der Nacht fürsorglich war und Sicherheit ausstrahlte.",Wer beruhigte den Patient? (Die Krankenpflegerin / Die Wettkämpferin),calmed down,AgP,6,0,0.27,-79,besorgt,15.02,7,beruhigte,1.31,9,31.25,"Die_Krankenpflegerin beruhigte den_Patient,
weil_sie in_der_Nacht fürsorglich_war und Sicherheit ausstrahlte.",Wer beruhigte den Patient?,Die Krankenpflegerin,Die Wettkämpferin,sie,sie,F
nonamb,5,8,NP2,NP2-Causality,sie,nonamb,"Der Krankenpfleger beruhigte die Patientin, weil sie in der Nacht hilflos war und Tränen vergoss.",Wer beruhigte die Patientin? (Der Krankenpfleger / Der Ehemann),calmed down,AgP,6,0,0.27,-79,professionell,30.71,13,beruhigte,1.31,9,31.25,"Der_Krankenpfleger beruhigte die_Patientin,
weil_sie in_der_Nacht hilflos_war und Tränen vergoss.",Wer beruhigte die Patientin?,Der Krankenpfleger,Der Ehemann,er,er,F
nonamb,6,8,NP2,NP2-Causality,er,nonamb,"Der Krankenpfleger beruhigte den Patient, weil er in der Nacht hilflos war und Tränen vergoss.",Wer beruhigte den Patient? (Der Krankenpfleger / Der Judokämpfer),calmed down,AgP,6,0,0.27,-79,professionell,30.71,13,beruhigte,1.31,9,31.25,"Der_Krankenpfleger beruhigte den_Patient,
weil_er in_der_Nacht hilflos_war und Tränen vergoss.",Wer beruhigte den Patient?,Der Krankenpfleger,Der Judokämpfer,er,er,F
nonamb,7,8,NP2,NP2-Causality,sie,nonamb,"Die Krankenpflegerin beruhigte die Patientin, weil sie in der Nacht hilflos war und Tränen vergoss.",Wer beruhigte die Patientin? (Die Krankenpflegerin / Die Erzieherin),calmed down,AgP,6,0,0.27,-79,professionell,30.71,13,beruhigte,1.31,9,31.25,"Die_Krankenpflegerin beruhigte die_Patientin,
weil_sie in_der_Nacht hilflos_war und Tränen vergoss.",Wer beruhigte die Patientin?,Die Krankenpflegerin,Die Erzieherin,sie,sie,F
nonamb,8,8,NP2,NP2-Causality,er,nonamb,"Die Krankenpflegerin beruhigte den Patient, weil er in der Nacht hilflos war und Tränen vergoss.",Wer beruhigte den Patient? (Die Krankenpflegerin / Die Fahrradfahrerin),calmed down,AgP,6,0,0.27,-79,professionell,30.71,13,beruhigte,1.31,9,31.25,"Die_Krankenpflegerin beruhigte den_Patient,
weil_er in_der_Nacht hilflos_war und Tränen vergoss.",Wer beruhigte den Patient?,Die Krankenpflegerin,Die Fahrradfahrerin,sie,sie,F
nonamb,1,9,neutral,NP1-Causality,er,nonamb,Der Richter klagte die Frau an weil er seit einiger Zeit unbestechlich war und die Richtlinien beachtete.,Wer klagte die Frau an? (Der Richter / Der Teilnehmer),accused,AgEvo,7,90,-2.0,2,unbestechlich,0.88,13,klagte,2.97,6,43.75,Der_Richter klagte die_Frau_an weil_er seit_einiger_Zeit unbestechlich_war und die_Richtlinien beachtete.,Wer klagte die Frau an?,Der Richter,Der Teilnehmer,er,er,F
nonamb,2,9,neutral,NP1-Causality,er,nonamb,Der Richter klagte den Mann an weil er seit einiger Zeit unbestechlich war und die Richtlinien beachtete.,Wer klagte den Mann an? (Der Richter / Der Vater),accused,AgEvo,7,90,-2.0,2,unbestechlich,0.88,13,klagte,2.97,6,43.75,Der_Richter klagte den_Mann_an weil_er seit_einiger_Zeit unbestechlich_war und die_Richtlinien beachtete.,Wer klagte den Mann an?,Der Richter,Der Vater,er,er,F
nonamb,3,9,neutral,NP1-Causality,sie,nonamb,Die Richterin klagte die Frau an weil sie seit einiger Zeit unbestechlich war und die Richtlinien beachtete.,Wer klagte die Frau an? (Die Richterin / Die Anwohnerin),accused,AgEvo,7,90,-2.0,2,unbestechlich,0.88,13,klagte,2.97,6,43.75,Die_Richterin klagte die_Frau_an weil_sie seit_einiger_Zeit unbestechlich_war und die_Richtlinien beachtete.,Wer klagte die Frau an?,Die Richterin,Die Anwohnerin,sie,sie,F
nonamb,4,9,neutral,NP1-Causality,sie,nonamb,Die Richterin klagte den Mann an weil sie seit einiger Zeit unbestechlich war und die Richtlinien beachtete.,Wer klagte den Mann an? (Die Richterin / Die Rugbyspielerin),accused,AgEvo,7,90,-2.0,2,unbestechlich,0.88,13,klagte,2.97,6,43.75,Die_Richterin klagte den_Mann_an weil_sie seit_einiger_Zeit unbestechlich_war und die_Richtlinien beachtete.,Wer klagte den Mann an?,Die Richterin,Die Rugbyspielerin,sie,sie,F
nonamb,5,9,neutral,NP2-Causality,sie,nonamb,Der Richter klagte die Frau an weil sie seit einiger Zeit kriminell war und einen Diebstal begang.,Wer klagte die Frau an? (Der Richter / Der Schamane),accused,AgEvo,7,90,-2.0,2,kriminell,11.35,9,klagte,2.97,6,43.75,Der_Richter klagte die_Frau_an weil_sie seit_einiger_Zeit kriminell_war und einen_Diebstal begang.,Wer klagte die Frau an?,Der Richter,Der Schamane,er,er,F
nonamb,6,9,neutral,NP2-Causality,er,nonamb,Der Richter klagte den Mann an weil er seit einiger Zeit kriminell war und einen Diebstal begang.,Wer klagte den Mann an? (Der Richter / Der Mann),accused,AgEvo,7,90,-2.0,2,kriminell,11.35,9,klagte,2.97,6,43.75,Der_Richter klagte den_Mann_an weil_er seit_einiger_Zeit kriminell_war und einen_Diebstal begang.,Wer klagte den Mann an?,Der Richter,Der Mann,er,er,F
nonamb,7,9,neutral,NP2-Causality,sie,nonamb,Die Richterin klagte die Frau an weil sie seit einiger Zeit kriminell war und einen Diebstal begang.,Wer klagte die Frau an? (Die Richterin / Die Dörflerin),accused,AgEvo,7,90,-2.0,2,kriminell,11.35,9,klagte,2.97,6,43.75,Die_Richterin klagte die_Frau_an weil_sie seit_einiger_Zeit kriminell_war und einen_Diebstal begang.,Wer klagte die Frau an?,Die Richterin,Die Dörflerin,sie,sie,F
nonamb,8,9,neutral,NP2-Causality,er,nonamb,Die Richterin klagte den Mann an weil er seit einiger Zeit kriminell war und einen Diebstal begang.,Wer klagte den Mann an? (Die Richterin / Die Priesterin),accused,AgEvo,7,90,-2.0,2,kriminell,11.35,9,klagte,2.97,6,43.75,Die_Richterin klagte den_Mann_an weil_er seit_einiger_Zeit kriminell_war und einen_Diebstal begang.,Wer klagte den Mann an?,Die Richterin,Die Priesterin,sie,sie,F
nonamb,1,10,neutral,NP1-Causality,er,nonamb,"Der Kellner mied die Besucherin, weil er am späten Abend überfordert war und Schwindel verspührte.",Wer war am späten Abend überfordert? (Der Kellner / Die Besucherin),avoided,AgP,7,68,-1.09,14,überfordert,10.07,11,mied,0.3,4,43.75,"Der_Kellner mied die_Besucherin,
weil_er am_späten_Abend überfordert_war und Schwindel verspührte.",Wer war am späten Abend überfordert?,Der Kellner,Die Besucherin,er,sie,F
nonamb,2,10,neutral,NP1-Causality,er,nonamb,"Der Kellner mied den Besucher, weil er am späten Abend überfordert war und Schwindel verspührte.",Wer war am späten Abend überfordert? (Der Kellner / Der Besucher),avoided,AgP,7,68,-1.09,14,überfordert,10.07,11,mied,0.3,4,43.75,"Der_Kellner mied den_Besucher,
weil_er am_späten_Abend überfordert_war und Schwindel verspührte.",Wer war am späten Abend überfordert?,Der Kellner,Der Besucher,er,er,F
nonamb,3,10,neutral,NP1-Causality,sie,nonamb,"Die Kellnerin mied die Besucherin, weil sie am späten Abend überfordert war und Schwindel verspührte.",Wer war am späten Abend überfordert? (Die Kellnerin / Die Besucherin),avoided,AgP,7,68,-1.09,14,überfordert,10.07,11,mied,0.3,4,43.75,"Die_Kellnerin mied die_Besucherin,
weil_sie am_späten_Abend überfordert_war und Schwindel verspührte.",Wer war am späten Abend überfordert?,Die Kellnerin,Die Besucherin,sie,sie,F
nonamb,4,10,neutral,NP1-Causality,sie,nonamb,"Die Kellnerin mied den Besucher, weil sie am späten Abend überfordert war und Schwindel verspührte.",Wer war am späten Abend überfordert? (Die Kellnerin / Der Besucher),avoided,AgP,7,68,-1.09,14,überfordert,10.07,11,mied,0.3,4,43.75,"Die_Kellnerin mied den_Besucher,
weil_sie am_späten_Abend überfordert_war und Schwindel verspührte.",Wer war am späten Abend überfordert?,Die Kellnerin,Der Besucher,sie,er,F
nonamb,5,10,neutral,NP2-Causality,sie,nonamb,"Der Kellner mied die Besucherin, weil sie am späten Abend anspruchsvoll war und Sonderwünsche verlangte.",Wer war am späten Abend anspruchsvoll? (Der Kellner / Die Besucherin),avoided,AgP,7,68,-1.09,14,anspruchsvoll,15.15,13,mied,0.3,4,43.75,"Der_Kellner mied die_Besucherin,
weil_sie am_späten_Abend anspruchsvoll_war und Sonderwünsche verlangte.",Wer war am späten Abend anspruchsvoll?,Der Kellner,Die Besucherin,er,sie,J
nonamb,6,10,neutral,NP2-Causality,er,nonamb,"Der Kellner mied den Besucher, weil er am späten Abend anspruchsvoll war und Sonderwünsche verlangte.",Wer war am späten Abend anspruchsvoll? (Der Kellner / Der Besucher),avoided,AgP,7,68,-1.09,14,anspruchsvoll,15.15,13,mied,0.3,4,43.75,"Der_Kellner mied den_Besucher,
weil_er am_späten_Abend anspruchsvoll_war und Sonderwünsche verlangte.",Wer war am späten Abend anspruchsvoll?,Der Kellner,Der Besucher,er,er,J
nonamb,7,10,neutral,NP2-Causality,sie,nonamb,"Die Kellnerin mied die Besucherin, weil sie am späten Abend anspruchsvoll war und Sonderwünsche verlangte.",Wer war am späten Abend anspruchsvoll? (Die Kellnerin / Die Besucherin),avoided,AgP,7,68,-1.09,14,anspruchsvoll,15.15,13,mied,0.3,4,43.75,"Die_Kellnerin mied die_Besucherin,
weil_sie am_späten_Abend anspruchsvoll_war und Sonderwünsche verlangte.",Wer war am späten Abend anspruchsvoll?,Die Kellnerin,Die Besucherin,sie,sie,J
nonamb,8,10,neutral,NP2-Causality,er,nonamb,"Die Kellnerin mied den Besucher, weil er am späten Abend anspruchsvoll war und Sonderwünsche verlangte.",Wer war am späten Abend anspruchsvoll? (Die Kellnerin / Der Besucher),avoided,AgP,7,68,-1.09,14,anspruchsvoll,15.15,13,mied,0.3,4,43.75,"Die_Kellnerin mied den_Besucher,
weil_er am_späten_Abend anspruchsvoll_war und Sonderwünsche verlangte.",Wer war am späten Abend anspruchsvoll?,Die Kellnerin,Der Besucher,sie,er,J
nonamb,1,11,neutral,NP1-Causality,er,nonamb,"Der Verkäufer beleidigte die Kundin, weil er am frühen Abend müde war und nach Hause wollte.",Was tat der Verkäufer? (beleidigte die Kundin / beleidigte der Kunde),affronted,StimExp,9,30,-1.0,12,empört,5.68,6,beleidigte,0.73,10,75.0,"Der_Verkäufer beleidigte die_Kundin,
weil_er am_frühen_Abend müde_war und nach_Hause wollte.",Was tat der Verkäufer?,beleidigte die Kundin,beleidigte der Kunde,sie,er,F
nonamb,2,11,neutral,NP1-Causality,er,nonamb,"Der Verkäufer beleidigte der Kunde, weil er am frühen Abend müde war und nach Hause wollte.",Was tat der Verkäufer? (beleidigte der Kunde / beleidigte die Kundin),affronted,StimExp,9,30,-1.0,12,empört,5.68,6,beleidigte,0.73,10,75.0,"Der_Verkäufer beleidigte der_Kunde,
weil_er am_frühen_Abend müde_war und nach_Hause wollte.",Was tat der Verkäufer?,beleidigte der Kunde,beleidigte die Kundin,er,sie,F
nonamb,3,11,neutral,NP1-Causality,sie,nonamb,"Die Verkäuferin beleidigte die Kundin, weil sie am frühen Abend müde war und nach Hause wollte.",Was tat die Verkäuferin? (beleidigte die Kundin / beleidigte der Kunde),affronted,StimExp,9,30,-1.0,12,empört,5.68,6,beleidigte,0.73,10,75.0,"Die_Verkäuferin beleidigte die_Kundin,
weil_sie am_frühen_Abend müde_war und nach_Hause wollte.",Was tat die Verkäuferin?,beleidigte die Kundin,beleidigte der Kunde,sie,er,F
nonamb,4,11,neutral,NP1-Causality,sie,nonamb,"Die Verkäuferin beleidigte der Kunde, weil sie am frühen Abend müde war und nach Hause wollte.",Was tat die Verkäuferin? (beleidigte der Kunde / beleidigte die Kundin),affronted,StimExp,9,30,-1.0,12,empört,5.68,6,beleidigte,0.73,10,75.0,"Die_Verkäuferin beleidigte der_Kunde,
weil_sie am_frühen_Abend müde_war und nach_Hause wollte.",Was tat die Verkäuferin?,beleidigte der Kunde,beleidigte die Kundin,er,sie,F
nonamb,5,11,neutral,NP2-Causality,sie,nonamb,"Der Verkäufer beleidigte die Kundin, weil sie am frühen Abend penetrant war und Unhöflichkeit zeigte.",Was tat der Verkäufer? (beleidigte die Kundin / beleidigte der Kunde),affronted,StimExp,9,30,-1.0,12,penetrant,1.56,9,beleidigte,0.73,10,75.0,"Der_Verkäufer beleidigte die_Kundin,
weil_sie am_frühen_Abend penetrant_war und Unhöflichkeit zeigte.",Was tat der Verkäufer?,beleidigte die Kundin,beleidigte der Kunde,sie,er,F
nonamb,6,11,neutral,NP2-Causality,er,nonamb,"Der Verkäufer beleidigte der Kunde, weil er am frühen Abend penetrant war und Unhöflichkeit zeigte.",Was tat der Verkäufer? (beleidigte der Kunde / beleidigte die Kundin),affronted,StimExp,9,30,-1.0,12,penetrant,1.56,9,beleidigte,0.73,10,75.0,"Der_Verkäufer beleidigte der_Kunde,
weil_er am_frühen_Abend penetrant_war und Unhöflichkeit zeigte.",Was tat der Verkäufer?,beleidigte der Kunde,beleidigte die Kundin,er,sie,F
nonamb,7,11,neutral,NP2-Causality,sie,nonamb,"Die Verkäuferin beleidigte die Kundin, weil sie am frühen Abend penetrant war und Unhöflichkeit zeigte.",Was tat die Verkäuferin? (beleidigte die Kundin / beleidigte der Kunde),affronted,StimExp,9,30,-1.0,12,penetrant,1.56,9,beleidigte,0.73,10,75.0,"Die_Verkäuferin beleidigte die_Kundin,
weil_sie am_frühen_Abend penetrant_war und Unhöflichkeit zeigte.",Was tat die Verkäuferin?,beleidigte die Kundin,beleidigte der Kunde,sie,er,F
nonamb,8,11,neutral,NP2-Causality,er,nonamb,"Die Verkäuferin beleidigte der Kunde, weil er am frühen Abend penetrant war und Unhöflichkeit zeigte.",Was tat die Verkäuferin? (beleidigte der Kunde / beleidigte die Kundin),affronted,StimExp,9,30,-1.0,12,penetrant,1.56,9,beleidigte,0.73,10,75.0,"Die_Verkäuferin beleidigte der_Kunde,
weil_er am_frühen_Abend penetrant_war und Unhöflichkeit zeigte.",Was tat die Verkäuferin?,beleidigte der Kunde,beleidigte die Kundin,er,sie,F
nonamb,1,12,neutral,NP1-Causality,er,nonamb,"Der Freund vertraute der Frau etwas an, weil er seit langer Zeit verzweifelt war und das Gewissen plagte.",Was plagte er? (das Gewissen / Attraktivität),confided in,AgP,8,0,1.91,5,verzweifelt,16.17,11,vertraute,7.55,11,50.0,"Der_Freund vertraute der_Frau_etwas_an,
weil_er seit_langer_Zeit verzweifelt_war und das_Gewissen plagte.",Was plagte er?,das Gewissen,Attraktivität,er,er,F
nonamb,2,12,neutral,NP1-Causality,er,nonamb,"Der Freund vertraute dem Mann etwas an, weil er seit langer Zeit verzweifelt war und das Gewissen plagte.",Was plagte er? (das Gewissen / Attraktivität),confided in,AgP,8,0,1.91,5,verzweifelt,16.17,11,vertraute,7.55,11,50.0,"Der_Freund vertraute dem_Mann_etwas_an,
weil_er seit_langer_Zeit verzweifelt_war und das_Gewissen plagte.",Was plagte er?,das Gewissen,Attraktivität,er,er,F
nonamb,3,12,neutral,NP1-Causality,sie,nonamb,"Die Freundin vertraute der Frau etwas an, weil sie seit langer Zeit verzweifelt war und das Gewissen plagte.",Was plagte sie? (das Gewissen / Attraktivität),confided in,AgP,8,0,1.91,5,verzweifelt,16.17,11,vertraute,7.55,11,50.0,"Die_Freundin vertraute der_Frau_etwas_an,
weil_sie seit_langer_Zeit verzweifelt_war und das_Gewissen plagte.",Was plagte sie?,das Gewissen,Attraktivität,er,er,F
nonamb,4,12,neutral,NP1-Causality,sie,nonamb,"Die Freundin vertraute dem Mann etwas an, weil sie seit langer Zeit verzweifelt war und das Gewissen plagte.",Was plagte sie? (das Gewissen / Attraktivität),confided in,AgP,8,0,1.91,5,verzweifelt,16.17,11,vertraute,7.55,11,50.0,"Die_Freundin vertraute dem_Mann_etwas_an,
weil_sie seit_langer_Zeit verzweifelt_war und das_Gewissen plagte.",Was plagte sie?,das Gewissen,Attraktivität,er,er,F
nonamb,5,12,neutral,NP2-Causality,sie,nonamb,"Der Freund vertraute der Frau etwas an, weil sie seit langer Zeit verständnisvoll war und Verschwiegenheit versprach.",Was versprach sie? (Verschwiegenheit / Attraktivität),confided in,AgP,8,0,1.91,5,verschwiegen,5.11,12,vertraute,7.55,11,50.0,"Der_Freund vertraute der_Frau_etwas_an,
weil_sie seit_langer_Zeit verständnisvoll_war und Verschwiegenheit versprach.",Was versprach sie?,Verschwiegenheit,Attraktivität,er,er,F
nonamb,6,12,neutral,NP2-Causality,er,nonamb,"Der Freund vertraute dem Mann etwas an, weil er seit langer Zeit verständnisvoll war und Verschwiegenheit versprach.",Was versprach er? (Verschwiegenheit / Attraktivität),confided in,AgP,8,0,1.91,5,verschwiegen,5.11,12,vertraute,7.55,11,50.0,"Der_Freund vertraute dem_Mann_etwas_an,
weil_er seit_langer_Zeit verständnisvoll_war und Verschwiegenheit versprach.",Was versprach er?,Verschwiegenheit,Attraktivität,er,er,F
nonamb,7,12,neutral,NP2-Causality,sie,nonamb,"Die Freundin vertraute der Frau etwas an, weil sie seit langer Zeit verständnisvoll war und Verschwiegenheit versprach.",Was versprach sie? (Verschwiegenheit / Attraktivität),confided in,AgP,8,0,1.91,5,verschwiegen,5.11,12,vertraute,7.55,11,50.0,"Die_Freundin vertraute der_Frau_etwas_an,
weil_sie seit_langer_Zeit verständnisvoll_war und Verschwiegenheit versprach.",Was versprach sie?,Verschwiegenheit,Attraktivität,er,er,F
nonamb,8,12,neutral,NP2-Causality,er,nonamb,"Die Freundin vertraute dem Mann etwas an, weil er seit langer Zeit verständnisvoll war und Verschwiegenheit versprach.",Was versprach er? (Verschwiegenheit / Attraktivität),confided in,AgP,8,0,1.91,5,verschwiegen,5.11,12,vertraute,7.55,11,50.0,"Die_Freundin vertraute dem_Mann_etwas_an,
weil_er seit_langer_Zeit verständnisvoll_war und Verschwiegenheit versprach.",Was versprach er?,Verschwiegenheit,Attraktivität,er,er,F
nonamb,1,13,NP1,NP1-Causality,er,nonamb,"Der Redner langweilte die Zuhörerin, weil er an diesem Abend eintönig war und Bekanntes von sich gab.",Was tat der Redner? (langweilte die Zuhörerin / langweilte den Zuhörer),bored,StimExp,5,19,-1.64,73,eintönig,2.38,8,langweilte,0.29,10,75.0,"Der_Redner langweilte die_Zuhörerin,
weil_er an_diesem_Abend eintönig_war und Bekanntes von_sich_gab.",Was tat der Redner?,langweilte die Zuhörerin,langweilte den Zuhörer,sie,er,F
nonamb,2,13,NP1,NP1-Causality,er,nonamb,"Der Redner langweilte den Zuhörer, weil er an diesem Abend eintönig war und Bekanntes von sich gab.",Was tat der Redner? (langweilte den Zuhörer / langweilte die Zuhörerin),bored,StimExp,5,19,-1.64,73,eintönig,2.38,8,langweilte,0.29,10,75.0,"Der_Redner langweilte den_Zuhörer,
weil_er an_diesem_Abend eintönig_war und Bekanntes von_sich_gab.",Was tat der Redner?,langweilte den Zuhörer,langweilte die Zuhörerin,er,sie,F
nonamb,3,13,NP1,NP1-Causality,sie,nonamb,"Die Rednerin langweilte die Zuhörerin, weil sie an diesem Abend eintönig war und Bekanntes von sich gab.",Was tat die Rednerin? (langweilte die Zuhörerin / langweilte den Zuhörer),bored,StimExp,5,19,-1.64,73,eintönig,2.38,8,langweilte,0.29,10,75.0,"Die_Rednerin langweilte die_Zuhörerin,
weil_sie an_diesem_Abend eintönig_war und Bekanntes von_sich_gab.",Was tat die Rednerin?,langweilte die Zuhörerin,langweilte den Zuhörer,sie,er,F
nonamb,4,13,NP1,NP1-Causality,sie,nonamb,"Die Rednerin langweilte den Zuhörer, weil sie an diesem Abend eintönig war und Bekanntes von sich gab.",Was tat die Rednerin? (langweilte den Zuhörer / langweilte die Zuhörerin),bored,StimExp,5,19,-1.64,73,eintönig,2.38,8,langweilte,0.29,10,75.0,"Die_Rednerin langweilte den_Zuhörer,
weil_sie an_diesem_Abend eintönig_war und Bekanntes von_sich_gab.",Was tat die Rednerin?,langweilte den Zuhörer,langweilte die Zuhörerin,er,sie,F
nonamb,5,13,NP1,NP2-Causality,sie,nonamb,"Der Redner langweilte die Zuhörerin, weil sie an diesem Abend kritisch war und Anderes erwartete.",Was tat der Redner? (langweilte die Zuhörerin / langweilte den Zuhörer),bored,StimExp,5,19,-1.64,73,skeptisch,10.79,9,langweilte,0.29,10,75.0,"Der_Redner langweilte die_Zuhörerin,
weil_sie an_diesem_Abend kritisch_war und Anderes erwartete.",Was tat der Redner?,langweilte die Zuhörerin,langweilte den Zuhörer,sie,er,F
nonamb,6,13,NP1,NP2-Causality,er,nonamb,"Der Redner langweilte den Zuhörer, weil er an diesem Abend kritisch war und Anderes erwartete.",Was tat der Redner? (langweilte den Zuhörer / langweilte die Zuhörerin),bored,StimExp,5,19,-1.64,73,skeptisch,10.79,9,langweilte,0.29,10,75.0,"Der_Redner langweilte den_Zuhörer,
weil_er an_diesem_Abend kritisch_war und Anderes erwartete.",Was tat der Redner?,langweilte den Zuhörer,langweilte die Zuhörerin,er,sie,F
nonamb,7,13,NP1,NP2-Causality,sie,nonamb,"Die Rednerin langweilte die Zuhörerin, weil sie an diesem Abend kritisch war und Anderes erwartete.",Was tat die Rednerin? (langweilte die Zuhörerin / langweilte den Zuhörer),bored,StimExp,5,19,-1.64,73,skeptisch,10.79,9,langweilte,0.29,10,75.0,"Die_Rednerin langweilte die_Zuhörerin,
weil_sie an_diesem_Abend kritisch_war und Anderes erwartete.",Was tat die Rednerin?,langweilte die Zuhörerin,langweilte den Zuhörer,sie,er,F
nonamb,8,13,NP1,NP2-Causality,er,nonamb,"Die Rednerin langweilte den Zuhörer, weil er an diesem Abend kritisch war und Anderes erwartete.",Was tat die Rednerin? (langweilte den Zuhörer / langweilte die Zuhörerin),bored,StimExp,5,19,-1.64,73,skeptisch,10.79,9,langweilte,0.29,10,75.0,"Die_Rednerin langweilte den_Zuhörer,
weil_er an_diesem_Abend kritisch_war und Anderes erwartete.",Was tat die Rednerin?,langweilte den Zuhörer,langweilte die Zuhörerin,er,sie,F
nonamb,1,14,NP1,NP1-Causality,er,nonamb,"Der Sohn rief die Mutter, weil er zu dem Zeitpunkt ratlos war und ein Problem hatte.",Was hatte er? (ein Problem / Wissen),called,AgP,6,15,0.45,82,eine Idee,5.66,8,rief,31.09,4,68.75,"Der_Sohn rief die_Mutter,
weil_er zu_dem_Zeitpunkt ratlos_war und ein_Problem hatte.",Was hatte er?,ein Problem,Wissen,er,er,F
nonamb,2,14,NP1,NP1-Causality,er,nonamb,"Der Sohn rief den Vater, weil er zu dem Zeitpunkt ratlos war und ein Problem hatte.",Was hatte er? (ein Problem / Wissen),called,AgP,6,15,0.45,82,eine Idee,5.66,8,rief,31.09,4,68.75,"Der_Sohn rief den_Vater,
weil_er zu_dem_Zeitpunkt ratlos_war und ein_Problem hatte.",Was hatte er?,ein Problem,Wissen,er,er,F
nonamb,3,14,NP1,NP1-Causality,sie,nonamb,"Die Tochter rief die Mutter, weil sie zu dem Zeitpunkt ratlos war und ein Problem hatte.",Was hatte sie? (ein Problem / Wissen),called,AgP,6,15,0.45,82,eine Idee,5.66,8,rief,31.09,4,68.75,"Die_Tochter rief die_Mutter,
weil_sie zu_dem_Zeitpunkt ratlos_war und ein_Problem hatte.",Was hatte sie?,ein Problem,Wissen,er,er,F
nonamb,4,14,NP1,NP1-Causality,sie,nonamb,"Die Tochter rief den Vater, weil sie zu dem Zeitpunkt ratlos war und ein Problem hatte.",Was hatte sie? (ein Problem / Wissen),called,AgP,6,15,0.45,82,eine Idee,5.66,8,rief,31.09,4,68.75,"Die_Tochter rief den_Vater,
weil_sie zu_dem_Zeitpunkt ratlos_war und ein_Problem hatte.",Was hatte sie?,ein Problem,Wissen,er,er,F
nonamb,5,14,NP1,NP2-Causality,sie,nonamb,"Der Sohn rief die Mutter, weil sie zu dem Zeitpunkt verfügbar war und Problemwissen hatte.",Was hatte sie? (Problemwissen / Wissen),called,AgP,6,15,0.45,82,verstummt,1.44,9,rief,31.09,4,68.75,"Der_Sohn rief die_Mutter,
weil_sie zu_dem_Zeitpunkt verfügbar_war und Problemwissen hatte.",Was hatte sie?,Problemwissen,Wissen,er,er,F
nonamb,6,14,NP1,NP2-Causality,er,nonamb,"Der Sohn rief den Vater, weil er zu dem Zeitpunkt verfügbar war und Problemwissen hatte.",Was hatte er? (Problemwissen / Wissen),called,AgP,6,15,0.45,82,verstummt,1.44,9,rief,31.09,4,68.75,"Der_Sohn rief den_Vater,
weil_er zu_dem_Zeitpunkt verfügbar_war und Problemwissen hatte.",Was hatte er?,Problemwissen,Wissen,er,er,F
nonamb,7,14,NP1,NP2-Causality,sie,nonamb,"Die Tochter rief die Mutter, weil sie zu dem Zeitpunkt verfügbar war und Problemwissen hatte.",Was hatte sie? (Problemwissen / Wissen),called,AgP,6,15,0.45,82,verstummt,1.44,9,rief,31.09,4,68.75,"Die_Tochter rief die_Mutter,
weil_sie zu_dem_Zeitpunkt verfügbar_war und Problemwissen hatte.",Was hatte sie?,Problemwissen,Wissen,er,er,F
nonamb,8,14,NP1,NP2-Causality,er,nonamb,"Die Tochter rief den Vater, weil er zu dem Zeitpunkt verfügbar war und Problemwissen hatte.",Was hatte er? (Problemwissen / Wissen),called,AgP,6,15,0.45,82,verstummt,1.44,9,rief,31.09,4,68.75,"Die_Tochter rief den_Vater,
weil_er zu_dem_Zeitpunkt verfügbar_war und Problemwissen hatte.",Was hatte er?,Problemwissen,Wissen,er,er,F
nonamb,1,15,NP1,NP1-Causality,er,nonamb,"Der Stiefsohn nervte die Urgroßmutter, weil er immervort aufgedreht war und Seltsames sagte.",Was sagte er? (Seltsames / die Freiheit),bugged,StimExp,6,4,-1.0,72,durstig,1.28,7,nervte,0.34,6,31.25,"Der_Stiefsohn nervte die_Urgroßmutter,
weil_er immervort aufgedreht_war und Seltsames sagte.",Was sagte er?,Seltsames,die Freiheit,er,sie,F
nonamb,2,15,NP1,NP1-Causality,er,nonamb,"Der Stiefsohn nervte den Urgroßvater, weil er immervort aufgedreht war und Seltsames sagte.",Was sagte er? (Seltsames / die Freiheit),bugged,StimExp,6,4,-1.0,72,durstig,1.28,7,nervte,0.34,6,31.25,"Der_Stiefsohn nervte den_Urgroßvater,
weil_er immervort aufgedreht_war und Seltsames sagte.",Was sagte er?,Seltsames,die Freiheit,er,sie,F
nonamb,3,15,NP1,NP1-Causality,sie,nonamb,"Die Stieftochter nervte die Urgroßmutter, weil sie immervort aufgedreht war und Seltsames sagte.",Was sagte sie? (Seltsames / die Freiheit),bugged,StimExp,6,4,-1.0,72,durstig,1.28,7,nervte,0.34,6,31.25,"Die_Stieftochter nervte die_Urgroßmutter,
weil_sie immervort aufgedreht_war und Seltsames sagte.",Was sagte sie?,Seltsames,die Freiheit,er,sie,F
nonamb,4,15,NP1,NP1-Causality,sie,nonamb,"Die Stieftochter nervte den Urgroßvater, weil sie immervort aufgedreht war und Seltsames sagte.",Was sagte sie? (Seltsames / die Freiheit),bugged,StimExp,6,4,-1.0,72,durstig,1.28,7,nervte,0.34,6,31.25,"Die_Stieftochter nervte den_Urgroßvater,
weil_sie immervort aufgedreht_war und Seltsames sagte.",Was sagte sie?,Seltsames,die Freiheit,er,sie,F
nonamb,5,15,NP1,NP2-Causality,sie,nonamb,"Der Stiefsohn nervte die Urgroßmutter, weil sie immervort müde war und Ruhe suchte.",Was suchte sie? (Ruhe / die Freiheit),bugged,StimExp,6,4,-1.0,72,beschäftigt,63.13,11,nervte,0.34,6,31.25,"Der_Stiefsohn nervte die_Urgroßmutter,
weil_sie immervort müde_war und Ruhe suchte.",Was suchte sie?,Ruhe,die Freiheit,er,sie,F
nonamb,6,15,NP1,NP2-Causality,er,nonamb,"Der Stiefsohn nervte den Urgroßvater, weil er immervort müde war und Ruhe suchte.",Was suchte er? (Ruhe / die Freiheit),bugged,StimExp,6,4,-1.0,72,beschäftigt,63.13,11,nervte,0.34,6,31.25,"Der_Stiefsohn nervte den_Urgroßvater,
weil_er immervort müde_war und Ruhe suchte.",Was suchte er?,Ruhe,die Freiheit,er,sie,F
nonamb,7,15,NP1,NP2-Causality,sie,nonamb,"Die Stieftochter nervte die Urgroßmutter, weil sie immervort müde war und Ruhe suchte.",Was suchte sie? (Ruhe / die Freiheit),bugged,StimExp,6,4,-1.0,72,beschäftigt,63.13,11,nervte,0.34,6,31.25,"Die_Stieftochter nervte die_Urgroßmutter,
weil_sie immervort müde_war und Ruhe suchte.",Was suchte sie?,Ruhe,die Freiheit,er,sie,F
nonamb,8,15,NP1,NP2-Causality,er,nonamb,"Die Stieftochter nervte den Urgroßvater, weil er immervort müde war und Ruhe suchte.",Was suchte er? (Ruhe / die Freiheit),bugged,StimExp,6,4,-1.0,72,beschäftigt,63.13,11,nervte,0.34,6,31.25,"Die_Stieftochter nervte den_Urgroßvater,
weil_er immervort müde_war und Ruhe suchte.",Was suchte er?,Ruhe,die Freiheit,er,sie,F
nonamb,1,16,NP1,NP1-Causality,er,nonamb,"Der Magier bezauberte die Prinzessin, weil er immer wieder verblüffend war und Illusionen erzeugte.",Was tat der Magier? (bezauberte die Prinzessin / bezauberte den Prinzen),charmed,StimExp,7,418,2.0,81,hinterlistig,0.68,12,bezauberte,0.11,10,68.75,"Der_Magier bezauberte die_Prinzessin,
weil_er immer_wieder verblüffend_war und Illusionen erzeugte.",Was tat der Magier?,bezauberte die Prinzessin,bezauberte den Prinzen,sie,er,F
nonamb,2,16,NP1,NP1-Causality,er,nonamb,"Der Magier bezauberte den Prinzen, weil er immer wieder verblüffend war und Illusionen erzeugte.",Was tat der Magier? (bezauberte den Prinzen / bezauberte die Prinzessin),charmed,StimExp,7,418,2.0,81,hinterlistig,0.68,12,bezauberte,0.11,10,68.75,"Der_Magier bezauberte den_Prinzen,
weil_er immer_wieder verblüffend_war und Illusionen erzeugte.",Was tat der Magier?,bezauberte den Prinzen,bezauberte die Prinzessin,er,sie,F
nonamb,3,16,NP1,NP1-Causality,sie,nonamb,"Die Magierin bezauberte die Prinzessin, weil sie immer wieder verblüffend war und Illusionen erzeugte.",Was tat die Magierin? (bezauberte die Prinzessin / bezauberte den Prinzen),charmed,StimExp,7,418,2.0,81,hinterlistig,0.68,12,bezauberte,0.11,10,68.75,"Die_Magierin bezauberte die_Prinzessin,
weil_sie immer_wieder verblüffend_war und Illusionen erzeugte.",Was tat die Magierin?,bezauberte die Prinzessin,bezauberte den Prinzen,sie,er,F
nonamb,4,16,NP1,NP1-Causality,sie,nonamb,"Die Magierin bezauberte den Prinzen, weil sie immer wieder verblüffend war und Illusionen erzeugte.",Was tat die Magierin? (bezauberte den Prinzen / bezauberte die Prinzessin),charmed,StimExp,7,418,2.0,81,hinterlistig,0.68,12,bezauberte,0.11,10,68.75,"Die_Magierin bezauberte den_Prinzen,
weil_sie immer_wieder verblüffend_war und Illusionen erzeugte.",Was tat die Magierin?,bezauberte den Prinzen,bezauberte die Prinzessin,er,sie,F
nonamb,5,16,NP1,NP2-Causality,sie,nonamb,"Der Magier bezauberte die Prinzessin, weil sie immer wieder fasziniert war und die Tricks liebte.",Was tat der Magier? (bezauberte die Prinzessin / bezauberte den Prinzen),charmed,StimExp,7,418,2.0,81,arglos,0.81,6,bezauberte,0.11,10,68.75,"Der_Magier bezauberte die_Prinzessin,
weil_sie immer_wieder fasziniert_war und die_Tricks liebte.",Was tat der Magier?,bezauberte die Prinzessin,bezauberte den Prinzen,sie,er,F
nonamb,6,16,NP1,NP2-Causality,er,nonamb,"Der Magier bezauberte den Prinzen, weil er immer wieder fasziniert war und die Tricks liebte.",Was tat der Magier? (bezauberte den Prinzen / bezauberte die Prinzessin),charmed,StimExp,7,418,2.0,81,arglos,0.81,6,bezauberte,0.11,10,68.75,"Der_Magier bezauberte den_Prinzen,
weil_er immer_wieder fasziniert_war und die_Tricks liebte.",Was tat der Magier?,bezauberte den Prinzen,bezauberte die Prinzessin,er,sie,F
nonamb,7,16,NP1,NP2-Causality,sie,nonamb,"Die Magierin bezauberte die Prinzessin, weil sie immer wieder fasziniert war und die Tricks liebte.",Was tat die Magierin? (bezauberte die Prinzessin / bezauberte den Prinzen),charmed,StimExp,7,418,2.0,81,arglos,0.81,6,bezauberte,0.11,10,68.75,"Die_Magierin bezauberte die_Prinzessin,
weil_sie immer_wieder fasziniert_war und die_Tricks liebte.",Was tat die Magierin?,bezauberte die Prinzessin,bezauberte den Prinzen,sie,er,F
nonamb,8,16,NP1,NP2-Causality,er,nonamb,"Die Magierin bezauberte den Prinzen, weil er immer wieder fasziniert war und die Tricks liebte.",Was tat die Magierin? (bezauberte den Prinzen / bezauberte die Prinzessin),charmed,StimExp,7,418,2.0,81,arglos,0.81,6,bezauberte,0.11,10,68.75,"Die_Magierin bezauberte den_Prinzen,
weil_er immer_wieder fasziniert_war und die_Tricks liebte.",Was tat die Magierin?,bezauberte den Prinzen,bezauberte die Prinzessin,er,sie,F
nonamb,1,17,NP2,NP1-Causality,er,nonamb,"Der Therapeut tröstete die Soldatin, weil er nach den Erlebnissen hilfsbereit war und Schutz gewährte.",Wer war nach den Erlebnissen hilfsbereit? (Der Therapeut / Die Soldatin),consoled,StimExp,8,34,1.45,-74,mitfühlend,1.08,10,tröstete,0.77,8,50.0,"Der_Therapeut tröstete die_Soldatin,
weil_er nach_den_Erlebnissen hilfsbereit_war und Schutz gewährte.",Wer war nach den Erlebnissen hilfsbereit?,Der Therapeut,Die Soldatin,er,sie,F
nonamb,2,17,NP2,NP1-Causality,er,nonamb,"Der Therapeut tröstete den Soldaten, weil er nach den Erlebnissen hilfsbereit war und Schutz gewährte.",Wer war nach den Erlebnissen hilfsbereit? (Der Therapeut / Der Soldaten),consoled,StimExp,8,34,1.45,-74,mitfühlend,1.08,10,tröstete,0.77,8,50.0,"Der_Therapeut tröstete den_Soldaten,
weil_er nach_den_Erlebnissen hilfsbereit_war und Schutz gewährte.",Wer war nach den Erlebnissen hilfsbereit?,Der Therapeut,Der Soldaten,er,er,F
nonamb,3,17,NP2,NP1-Causality,sie,nonamb,"Die Therapeutin tröstete die Soldatin, weil sie nach den Erlebnissen hilfsbereit war und Schutz gewährte.",Wer war nach den Erlebnissen hilfsbereit? (Die Therapeutin / Die Soldatin),consoled,StimExp,8,34,1.45,-74,mitfühlend,1.08,10,tröstete,0.77,8,50.0,"Die_Therapeutin tröstete die_Soldatin,
weil_sie nach_den_Erlebnissen hilfsbereit_war und Schutz gewährte.",Wer war nach den Erlebnissen hilfsbereit?,Die Therapeutin,Die Soldatin,sie,sie,F
nonamb,4,17,NP2,NP1-Causality,sie,nonamb,"Die Therapeutin tröstete den Soldaten, weil sie nach den Erlebnissen hilfsbereit war und Schutz gewährte.",Wer war nach den Erlebnissen hilfsbereit? (Die Therapeutin / Der Soldaten),consoled,StimExp,8,34,1.45,-74,mitfühlend,1.08,10,tröstete,0.77,8,50.0,"Die_Therapeutin tröstete den_Soldaten,
weil_sie nach_den_Erlebnissen hilfsbereit_war und Schutz gewährte.",Wer war nach den Erlebnissen hilfsbereit?,Die Therapeutin,Der Soldaten,sie,er,F
nonamb,5,17,NP2,NP2-Causality,sie,nonamb,"Der Therapeut tröstete die Soldatin, weil sie nach den Erlebnissen hoffnungslos war und Mitgefühl benötigte.",Wer war nach den Erlebnissen hoffnungslos? (Der Therapeut / Die Soldatin),consoled,StimExp,8,34,1.45,-74,traumatisiert,1.01,13,tröstete,0.77,8,50.0,"Der_Therapeut tröstete die_Soldatin,
weil_sie nach_den_Erlebnissen hoffnungslos_war und Mitgefühl benötigte.",Wer war nach den Erlebnissen hoffnungslos?,Der Therapeut,Die Soldatin,er,sie,J
nonamb,6,17,NP2,NP2-Causality,er,nonamb,"Der Therapeut tröstete den Soldaten, weil er nach den Erlebnissen hoffnungslos war und Mitgefühl benötigte.",Wer war nach den Erlebnissen hoffnungslos? (Der Therapeut / Der Soldaten),consoled,StimExp,8,34,1.45,-74,traumatisiert,1.01,13,tröstete,0.77,8,50.0,"Der_Therapeut tröstete den_Soldaten,
weil_er nach_den_Erlebnissen hoffnungslos_war und Mitgefühl benötigte.",Wer war nach den Erlebnissen hoffnungslos?,Der Therapeut,Der Soldaten,er,er,J
nonamb,7,17,NP2,NP2-Causality,sie,nonamb,"Die Therapeutin tröstete die Soldatin, weil sie nach den Erlebnissen hoffnungslos war und Mitgefühl benötigte.",Wer war nach den Erlebnissen hoffnungslos? (Die Therapeutin / Die Soldatin),consoled,StimExp,8,34,1.45,-74,traumatisiert,1.01,13,tröstete,0.77,8,50.0,"Die_Therapeutin tröstete die_Soldatin,
weil_sie nach_den_Erlebnissen hoffnungslos_war und Mitgefühl benötigte.",Wer war nach den Erlebnissen hoffnungslos?,Die Therapeutin,Die Soldatin,sie,sie,J
nonamb,8,17,NP2,NP2-Causality,er,nonamb,"Die Therapeutin tröstete den Soldaten, weil er nach den Erlebnissen hoffnungslos war und Mitgefühl benötigte.",Wer war nach den Erlebnissen hoffnungslos? (Die Therapeutin / Der Soldaten),consoled,StimExp,8,34,1.45,-74,traumatisiert,1.01,13,tröstete,0.77,8,50.0,"Die_Therapeutin tröstete den_Soldaten,
weil_er nach_den_Erlebnissen hoffnungslos_war und Mitgefühl benötigte.",Wer war nach den Erlebnissen hoffnungslos?,Die Therapeutin,Der Soldaten,sie,er,J
nonamb,1,18,NP2,NP1-Causality,er,nonamb,"Der Senior verachtete die Dame, weil er an dem Abend gekrängt war und Demütigung erfuhr.",Was erfuhr er? (Demütigung / die Richtlinien),despised,ExpStim,8,23,-2.82,-87,vulgär,0.91,6,verachtete,0.71,8,75.0,"Der_Senior verachtete die_Dame,
weil_er an_dem_Abend gekrängt_war und Demütigung erfuhr.",Was erfuhr er?,Demütigung,die Richtlinien,er,sie,F
nonamb,2,18,NP2,NP1-Causality,er,nonamb,"Der Senior verachtete den Herren, weil er an dem Abend gekrängt war und Demütigung erfuhr.",Was erfuhr er? (Demütigung / die Richtlinien),despised,ExpStim,8,23,-2.82,-87,vulgär,0.91,6,verachtete,0.71,8,75.0,"Der_Senior verachtete den_Herren,
weil_er an_dem_Abend gekrängt_war und Demütigung erfuhr.",Was erfuhr er?,Demütigung,die Richtlinien,er,sie,F
nonamb,3,18,NP2,NP1-Causality,sie,nonamb,"Die Seniorin verachtete die Dame, weil sie an dem Abend gekrängt war und Demütigung erfuhr.",Was erfuhr sie? (Demütigung / die Richtlinien),despised,ExpStim,8,23,-2.82,-87,vulgär,0.91,6,verachtete,0.71,8,75.0,"Die_Seniorin verachtete die_Dame,
weil_sie an_dem_Abend gekrängt_war und Demütigung erfuhr.",Was erfuhr sie?,Demütigung,die Richtlinien,er,sie,F
nonamb,4,18,NP2,NP1-Causality,sie,nonamb,"Die Seniorin verachtete den Herren, weil sie an dem Abend gekrängt war und Demütigung erfuhr.",Was erfuhr sie? (Demütigung / die Richtlinien),despised,ExpStim,8,23,-2.82,-87,vulgär,0.91,6,verachtete,0.71,8,75.0,"Die_Seniorin verachtete den_Herren,
weil_sie an_dem_Abend gekrängt_war und Demütigung erfuhr.",Was erfuhr sie?,Demütigung,die Richtlinien,er,sie,F
nonamb,5,18,NP2,NP2-Causality,sie,nonamb,"Der Senior verachtete die Dame, weil sie an dem Abend vulgär war und Missgunst kommunizierte.",Was kommunizierte sie? (Missgunst / die Richtlinien),despised,ExpStim,8,23,-2.82,-87,Anstand,3.01,7,verachtete,0.71,8,75.0,"Der_Senior verachtete die_Dame,
weil_sie an_dem_Abend vulgär_war und Missgunst kommunizierte.",Was kommunizierte sie?,Missgunst,die Richtlinien,er,sie,F
nonamb,6,18,NP2,NP2-Causality,er,nonamb,"Der Senior verachtete den Herren, weil er an dem Abend vulgär war und Missgunst kommunizierte.",Was kommunizierte er? (Missgunst / die Richtlinien),despised,ExpStim,8,23,-2.82,-87,Anstand,3.01,7,verachtete,0.71,8,75.0,"Der_Senior verachtete den_Herren,
weil_er an_dem_Abend vulgär_war und Missgunst kommunizierte.",Was kommunizierte er?,Missgunst,die Richtlinien,er,sie,F
nonamb,7,18,NP2,NP2-Causality,sie,nonamb,"Die Seniorin verachtete die Dame, weil sie an dem Abend vulgär war und Missgunst kommunizierte.",Was kommunizierte sie? (Missgunst / die Richtlinien),despised,ExpStim,8,23,-2.82,-87,Anstand,3.01,7,verachtete,0.71,8,75.0,"Die_Seniorin verachtete die_Dame,
weil_sie an_dem_Abend vulgär_war und Missgunst kommunizierte.",Was kommunizierte sie?,Missgunst,die Richtlinien,er,sie,F
nonamb,8,18,NP2,NP2-Causality,er,nonamb,"Die Seniorin verachtete den Herren, weil er an dem Abend vulgär war und Missgunst kommunizierte.",Was kommunizierte er? (Missgunst / die Richtlinien),despised,ExpStim,8,23,-2.82,-87,Anstand,3.01,7,verachtete,0.71,8,75.0,"Die_Seniorin verachtete den_Herren,
weil_er an_dem_Abend vulgär_war und Missgunst kommunizierte.",Was kommunizierte er?,Missgunst,die Richtlinien,er,sie,F
nonamb,1,19,NP2,NP1-Causality,er,nonamb,"Der Lehrer korrigierte die Schülerin, weil er in der Stunde fachkundig agierte und einen Fehler entdeckte.",Was tat der Lehrer? (korrigierte die Schülerin / korrigierte den Schüler),corrected,AgP,9,37,0.91,-74,fachkundig,4.0,10,korrigierte,1.04,11,68.75,"Der_Lehrer korrigierte die_Schülerin,
weil_er in_der_Stunde fachkundig_agierte und einen_Fehler entdeckte.",Was tat der Lehrer?,korrigierte die Schülerin,korrigierte den Schüler,sie,er,F
nonamb,2,19,NP2,NP1-Causality,er,nonamb,"Der Lehrer korrigierte den Schüler, weil er in der Stunde fachkundig agierte und einen Fehler entdeckte.",Was tat der Lehrer? (korrigierte den Schüler / korrigierte die Schülerin),corrected,AgP,9,37,0.91,-74,fachkundig,4.0,10,korrigierte,1.04,11,68.75,"Der_Lehrer korrigierte den_Schüler,
weil_er in_der_Stunde fachkundig_agierte und einen_Fehler entdeckte.",Was tat der Lehrer?,korrigierte den Schüler,korrigierte die Schülerin,er,sie,F
nonamb,3,19,NP2,NP1-Causality,sie,nonamb,"Die Lehrerin korrigierte die Schülerin, weil sie in der Stunde fachkundig agierte und einen Fehler entdeckte.",Was tat die Lehrerin? (korrigierte die Schülerin / korrigierte den Schüler),corrected,AgP,9,37,0.91,-74,fachkundig,4.0,10,korrigierte,1.04,11,68.75,"Die_Lehrerin korrigierte die_Schülerin,
weil_sie in_der_Stunde fachkundig_agierte und einen_Fehler entdeckte.",Was tat die Lehrerin?,korrigierte die Schülerin,korrigierte den Schüler,sie,er,F
nonamb,4,19,NP2,NP1-Causality,sie,nonamb,"Die Lehrerin korrigierte den Schüler, weil sie in der Stunde fachkundig agierte und einen Fehler entdeckte.",Was tat die Lehrerin? (korrigierte den Schüler / korrigierte die Schülerin),corrected,AgP,9,37,0.91,-74,fachkundig,4.0,10,korrigierte,1.04,11,68.75,"Die_Lehrerin korrigierte den_Schüler,
weil_sie in_der_Stunde fachkundig_agierte und einen_Fehler entdeckte.",Was tat die Lehrerin?,korrigierte den Schüler,korrigierte die Schülerin,er,sie,F
nonamb,5,19,NP2,NP2-Causality,sie,nonamb,"Der Lehrer korrigierte die Schülerin, weil sie in der Stunde ungeschickt war und Fehler produzierte.",Was tat der Lehrer? (korrigierte die Schülerin / korrigierte den Schüler),corrected,AgP,9,37,0.91,-74,unehrlich,0.77,9,korrigierte,1.04,11,68.75,"Der_Lehrer korrigierte die_Schülerin,
weil_sie in_der_Stunde ungeschickt_war und Fehler produzierte.",Was tat der Lehrer?,korrigierte die Schülerin,korrigierte den Schüler,sie,er,F
nonamb,6,19,NP2,NP2-Causality,er,nonamb,"Der Lehrer korrigierte den Schüler, weil er in der Stunde ungeschickt war und Fehler produzierte.",Was tat der Lehrer? (korrigierte den Schüler / korrigierte die Schülerin),corrected,AgP,9,37,0.91,-74,unehrlich,0.77,9,korrigierte,1.04,11,68.75,"Der_Lehrer korrigierte den_Schüler,
weil_er in_der_Stunde ungeschickt_war und Fehler produzierte.",Was tat der Lehrer?,korrigierte den Schüler,korrigierte die Schülerin,er,sie,F
nonamb,7,19,NP2,NP2-Causality,sie,nonamb,"Die Lehrerin korrigierte die Schülerin, weil sie in der Stunde ungeschickt war und Fehler produzierte.",Was tat die Lehrerin? (korrigierte die Schülerin / korrigierte den Schüler),corrected,AgP,9,37,0.91,-74,unehrlich,0.77,9,korrigierte,1.04,11,68.75,"Die_Lehrerin korrigierte die_Schülerin,
weil_sie in_der_Stunde ungeschickt_war und Fehler produzierte.",Was tat die Lehrerin?,korrigierte die Schülerin,korrigierte den Schüler,sie,er,F
nonamb,8,19,NP2,NP2-Causality,er,nonamb,"Die Lehrerin korrigierte den Schüler, weil er in der Stunde ungeschickt war und Fehler produzierte.",Was tat die Lehrerin? (korrigierte den Schüler / korrigierte die Schülerin),corrected,AgP,9,37,0.91,-74,unehrlich,0.77,9,korrigierte,1.04,11,68.75,"Die_Lehrerin korrigierte den_Schüler,
weil_er in_der_Stunde ungeschickt_war und Fehler produzierte.",Was tat die Lehrerin?,korrigierte den Schüler,korrigierte die Schülerin,er,sie,F
nonamb,1,20,NP2,NP1-Causality,er,nonamb,"Der Soldat verabscheute die Feindin, weil er seit Monaten friedliebend war und Frieden suchte.",Was tat der Soldat? (verabscheute die Feindin / verabscheute den Feind),detested,ExpStim,8,10,-2.55,-78,friedliebend,0.97,12,verabscheute,0.3,12,56.25,"Der_Soldat verabscheute die_Feindin,
weil_er seit_Monaten friedliebend_war und Frieden suchte.",Was tat der Soldat?,verabscheute die Feindin,verabscheute den Feind,sie,er,F
nonamb,2,20,NP2,NP1-Causality,er,nonamb,"Der Soldat verabscheute den Feind, weil er seit Monaten friedliebend war und Frieden suchte.",Was tat der Soldat? (verabscheute den Feind / verabscheute die Feindin),detested,ExpStim,8,10,-2.55,-78,friedliebend,0.97,12,verabscheute,0.3,12,56.25,"Der_Soldat verabscheute den_Feind,
weil_er seit_Monaten friedliebend_war und Frieden suchte.",Was tat der Soldat?,verabscheute den Feind,verabscheute die Feindin,er,sie,F
nonamb,3,20,NP2,NP1-Causality,sie,nonamb,"Die Soldatin verabscheute die Feindin, weil sie seit Monaten friedliebend war und Frieden suchte.",Was tat die Soldatin? (verabscheute die Feindin / verabscheute den Feind),detested,ExpStim,8,10,-2.55,-78,friedliebend,0.97,12,verabscheute,0.3,12,56.25,"Die_Soldatin verabscheute die_Feindin,
weil_sie seit_Monaten friedliebend_war und Frieden suchte.",Was tat die Soldatin?,verabscheute die Feindin,verabscheute den Feind,sie,er,F
nonamb,4,20,NP2,NP1-Causality,sie,nonamb,"Die Soldatin verabscheute den Feind, weil sie seit Monaten friedliebend war und Frieden suchte.",Was tat die Soldatin? (verabscheute den Feind / verabscheute die Feindin),detested,ExpStim,8,10,-2.55,-78,friedliebend,0.97,12,verabscheute,0.3,12,56.25,"Die_Soldatin verabscheute den_Feind,
weil_sie seit_Monaten friedliebend_war und Frieden suchte.",Was tat die Soldatin?,verabscheute den Feind,verabscheute die Feindin,er,sie,F
nonamb,5,20,NP2,NP2-Causality,sie,nonamb,"Der Soldat verabscheute die Feindin, weil sie seit Monaten grausam war und Verhandlungen ablehnte.",Was tat der Soldat? (verabscheute die Feindin / verabscheute den Feind),detested,ExpStim,8,10,-2.55,-78,grausam,16.26,7,verabscheute,0.3,12,56.25,"Der_Soldat verabscheute die_Feindin,
weil_sie seit_Monaten grausam_war und Verhandlungen ablehnte.",Was tat der Soldat?,verabscheute die Feindin,verabscheute den Feind,sie,er,F
nonamb,6,20,NP2,NP2-Causality,er,nonamb,"Der Soldat verabscheute den Feind, weil er seit Monaten grausam war und Verhandlungen ablehnte.",Was tat der Soldat? (verabscheute den Feind / verabscheute die Feindin),detested,ExpStim,8,10,-2.55,-78,grausam,16.26,7,verabscheute,0.3,12,56.25,"Der_Soldat verabscheute den_Feind,
weil_er seit_Monaten grausam_war und Verhandlungen ablehnte.",Was tat der Soldat?,verabscheute den Feind,verabscheute die Feindin,er,sie,F
nonamb,7,20,NP2,NP2-Causality,sie,nonamb,"Die Soldatin verabscheute die Feindin, weil sie seit Monaten grausam war und Verhandlungen ablehnte.",Was tat die Soldatin? (verabscheute die Feindin / verabscheute den Feind),detested,ExpStim,8,10,-2.55,-78,grausam,16.26,7,verabscheute,0.3,12,56.25,"Die_Soldatin verabscheute die_Feindin,
weil_sie seit_Monaten grausam_war und Verhandlungen ablehnte.",Was tat die Soldatin?,verabscheute die Feindin,verabscheute den Feind,sie,er,F
nonamb,8,20,NP2,NP2-Causality,er,nonamb,"Die Soldatin verabscheute den Feind, weil er seit Monaten grausam war und Verhandlungen ablehnte.",Was tat die Soldatin? (verabscheute den Feind / verabscheute die Feindin),detested,ExpStim,8,10,-2.55,-78,grausam,16.26,7,verabscheute,0.3,12,56.25,"Die_Soldatin verabscheute den_Feind,
weil_er seit_Monaten grausam_war und Verhandlungen ablehnte.",Was tat die Soldatin?,verabscheute den Feind,verabscheute die Feindin,er,sie,F
